x,y,X,Y,Z
9.610579107766170637e+02,8.108305076546405417e+02,0.000000000000000000e+00,8.000000000000000000e+01,3.500000000000000000e+02
1.001489948271868798e+03,8.195081436462112379e+02,4.000000000000000000e+01,8.000000000000000000e+01,3.500000000000000000e+02
1.042198744676110209e+03,8.282451784021876620e+02,8.000000000000000000e+01,8.000000000000000000e+01,3.500000000000000000e+02
1.083187151386959158e+03,8.370422238974331322e+02,1.200000000000000000e+02,8.000000000000000000e+01,3.500000000000000000e+02
1.124458059106938663e+03,8.458999005425378073e+02,1.600000000000000000e+02,8.000000000000000000e+01,3.500000000000000000e+02
1.166014398523062255e+03,8.548188373296738973e+02,2.000000000000000000e+02,8.000000000000000000e+01,3.500000000000000000e+02
1.207859141000570389e+03,8.637996719814887001e+02,2.400000000000000000e+02,8.000000000000000000e+01,3.500000000000000000e+02
1.249995299291161245e+03,8.728430511031046990e+02,2.800000000000000000e+02,8.000000000000000000e+01,3.500000000000000000e+02
1.292425928256067664e+03,8.819496303373095998e+02,3.200000000000000000e+02,8.000000000000000000e+01,3.500000000000000000e+02
1.335154125604349929e+03,8.911200745230107714e+02,3.600000000000000000e+02,8.000000000000000000e+01,3.500000000000000000e+02
1.378183032646773427e+03,9.003550578570345806e+02,4.000000000000000000e+02,8.000000000000000000e+01,3.500000000000000000e+02
1.421515835065661349e+03,9.096552640593542947e+02,4.400000000000000000e+02,8.000000000000000000e+01,3.500000000000000000e+02
1.465155763701116484e+03,9.190213865418305659e+02,4.800000000000000000e+02,8.000000000000000000e+01,3.500000000000000000e+02
1.509106095354018635e+03,9.284541285805535153e+02,5.200000000000000000e+02,8.000000000000000000e+01,3.500000000000000000e+02
1.553370153606218537e+03,9.379542034918754325e+02,5.600000000000000000e+02,8.000000000000000000e+01,3.500000000000000000e+02
1.597951309658358241e+03,9.475223348122253810e+02,6.000000000000000000e+02,8.000000000000000000e+01,3.500000000000000000e+02
1.642852983185764970e+03,9.571592564818030269e+02,6.400000000000000000e+02,8.000000000000000000e+01,3.500000000000000000e+02
1.688078643212867064e+03,9.668657130322503690e+02,6.800000000000000000e+02,8.000000000000000000e+01,3.500000000000000000e+02
1.733631809006609728e+03,9.766424597783967556e+02,7.200000000000000000e+02,8.000000000000000000e+01,3.500000000000000000e+02
1.779516050989352834e+03,9.864902630141880309e+02,7.600000000000000000e+02,8.000000000000000000e+01,3.500000000000000000e+02
1.825734991671738044e+03,9.964099002129030396e+02,8.000000000000000000e+02,8.000000000000000000e+01,3.500000000000000000e+02
1.872292306606053444e+03,1.006402160231764356e+03,8.400000000000000000e+02,8.000000000000000000e+01,3.500000000000000000e+02
1.919191725360609098e+03,1.016467843521063628e+03,8.800000000000000000e+02,8.000000000000000000e+01,3.500000000000000000e+02
1.966437032515672854e+03,1.026607762337911026e+03,9.200000000000000000e+02,8.000000000000000000e+01,3.500000000000000000e+02
2.014032068681522560e+03,1.036822740964733612e+03,9.600000000000000000e+02,8.000000000000000000e+01,3.500000000000000000e+02
9.597419585291070234e+02,7.696012445660320509e+02,0.000000000000000000e+00,1.200000000000000000e+02,3.500000000000000000e+02
1.000347976115932738e+03,7.781759407585782355e+02,4.000000000000000000e+01,1.200000000000000000e+02,3.500000000000000000e+02
1.041233174748105967e+03,7.868095910862216442e+02,8.000000000000000000e+01,1.200000000000000000e+02,3.500000000000000000e+02
1.082400443563428098e+03,7.955028056427455567e+02,1.200000000000000000e+02,1.200000000000000000e+02,3.500000000000000000e+02
1.123852711702467104e+03,8.042562029692428496e+02,1.600000000000000000e+02,1.200000000000000000e+02,3.500000000000000000e+02
1.165592949003306103e+03,8.130704102008232894e+02,2.000000000000000000e+02,1.200000000000000000e+02,3.500000000000000000e+02
1.207624166710821555e+03,8.219460632163909395e+02,2.400000000000000000e+02,1.200000000000000000e+02,3.500000000000000000e+02
1.249949418200847276e+03,8.308838067915655756e+02,2.800000000000000000e+02,1.200000000000000000e+02,3.500000000000000000e+02
1.292571799719589762e+03,8.398842947548222355e+02,3.200000000000000000e+02,1.200000000000000000e+02,3.500000000000000000e+02
1.335494451138670001e+03,8.489481901469322338e+02,3.600000000000000000e+02,1.200000000000000000e+02,3.500000000000000000e+02
1.378720556726181258e+03,8.580761653837869289e+02,4.000000000000000000e+02,1.200000000000000000e+02,3.500000000000000000e+02
1.422253345934155050e+03,8.672689024226842776e+02,4.400000000000000000e+02,1.200000000000000000e+02,3.500000000000000000e+02
1.466096094202851873e+03,8.765270929321696940e+02,4.800000000000000000e+02,1.200000000000000000e+02,3.500000000000000000e+02
1.510252123782289800e+03,8.858514384655176173e+02,5.200000000000000000e+02,1.200000000000000000e+02,3.500000000000000000e+02
1.554724804571449113e+03,8.952426506379431430e+02,5.600000000000000000e+02,1.200000000000000000e+02,3.500000000000000000e+02
1.599517554975594521e+03,9.047014513076427420e+02,6.000000000000000000e+02,1.200000000000000000e+02,3.500000000000000000e+02
1.644633842782177226e+03,9.142285727607553554e+02,6.400000000000000000e+02,1.200000000000000000e+02,3.500000000000000000e+02
1.690077186055783386e+03,9.238247579003485725e+02,6.800000000000000000e+02,1.200000000000000000e+02,3.500000000000000000e+02
1.735851154052616266e+03,9.334907604395268663e+02,7.200000000000000000e+02,1.200000000000000000e+02,3.500000000000000000e+02
1.781959368155013635e+03,9.432273450987722754e+02,7.600000000000000000e+02,1.200000000000000000e+02,3.500000000000000000e+02
1.828405502826509064e+03,9.530352878076223533e+02,8.000000000000000000e+02,1.200000000000000000e+02,3.500000000000000000e+02
1.875193286587970533e+03,9.629153759108014583e+02,8.400000000000000000e+02,1.200000000000000000e+02,3.500000000000000000e+02
1.922326503015359776e+03,9.728684083789131591e+02,8.800000000000000000e+02,1.200000000000000000e+02,3.500000000000000000e+02
1.969808991759671699e+03,9.828951960238200627e+02,9.200000000000000000e+02,1.200000000000000000e+02,3.500000000000000000e+02
2.017644649589632991e+03,9.929965617188296392e+02,9.600000000000000000e+02,1.200000000000000000e+02,3.500000000000000000e+02
9.584143761640686989e+02,7.280076056604322048e+02,0.000000000000000000e+00,1.600000000000000000e+02,3.500000000000000000e+02
9.991958767137257382e+02,7.364771953108729576e+02,4.000000000000000000e+01,1.600000000000000000e+02,3.500000000000000000e+02
1.040259012378023726e+03,7.450052755469959038e+02,8.000000000000000000e+01,1.600000000000000000e+02,3.500000000000000000e+02
1.081606710703892077e+03,7.535924543680378065e+02,1.200000000000000000e+02,1.600000000000000000e+02,3.500000000000000000e+02
1.123241939954446025e+03,7.622393482292590079e+02,1.600000000000000000e+02,1.600000000000000000e+02,3.500000000000000000e+02
1.165167709819303354e+03,7.709465821894650617e+02,2.000000000000000000e+02,1.600000000000000000e+02,3.500000000000000000e+02
1.207387072139827296e+03,7.797147900616280367e+02,2.400000000000000000e+02,1.600000000000000000e+02,3.500000000000000000e+02
1.249903121649654395e+03,7.885446145666776374e+02,2.800000000000000000e+02,1.600000000000000000e+02,3.500000000000000000e+02
1.292718996730892968e+03,7.974367074905528625e+02,3.200000000000000000e+02,1.600000000000000000e+02,3.500000000000000000e+02
1.335837880186374377e+03,8.063917298445837787e+02,3.600000000000000000e+02,1.600000000000000000e+02,3.500000000000000000e+02
1.379263000028357965e+03,8.154103520292912890e+02,4.000000000000000000e+02,1.600000000000000000e+02,3.500000000000000000e+02
1.422997630284101660e+03,8.244932540016909570e+02,4.400000000000000000e+02,1.600000000000000000e+02,3.500000000000000000e+02
1.467045091818718447e+03,8.336411254461838780e+02,4.800000000000000000e+02,1.600000000000000000e+02,3.500000000000000000e+02
1.511408753175753873e+03,8.428546659491300943e+02,5.200000000000000000e+02,1.600000000000000000e+02,3.500000000000000000e+02
1.556092031435930494e+03,8.521345851771962998e+02,5.600000000000000000e+02,1.600000000000000000e+02,3.500000000000000000e+02
1.601098393094521953e+03,8.614816030595679877e+02,6.000000000000000000e+02,1.600000000000000000e+02,3.500000000000000000e+02
1.646431354957825079e+03,8.708964499741323380e+02,6.400000000000000000e+02,1.600000000000000000e+02,3.500000000000000000e+02
1.692094485059222052e+03,8.803798669377283659e+02,6.800000000000000000e+02,1.600000000000000000e+02,3.500000000000000000e+02
1.738091403595328529e+03,8.899326058005667619e+02,7.200000000000000000e+02,1.600000000000000000e+02,3.500000000000000000e+02
1.784425783882749556e+03,8.995554294449315194e+02,7.600000000000000000e+02,1.600000000000000000e+02,3.500000000000000000e+02
1.831101353335967815e+03,9.092491119882710109e+02,8.000000000000000000e+02,1.600000000000000000e+02,3.500000000000000000e+02
1.878121894466915819e+03,9.190144389907898130e+02,8.400000000000000000e+02,1.600000000000000000e+02,3.500000000000000000e+02
1.925491245906793438e+03,9.288522076676623556e+02,8.800000000000000000e+02,1.600000000000000000e+02,3.500000000000000000e+02
1.973213303450710100e+03,9.387632271059865161e+02,9.200000000000000000e+02,1.600000000000000000e+02,3.500000000000000000e+02
2.021292021125748079e+03,9.487483184866024430e+02,9.600000000000000000e+02,1.600000000000000000e+02,3.500000000000000000e+02
9.570750088202773895e+02,6.860447390792585338e+02,0.000000000000000000e+00,2.000000000000000000e+02,3.500000000000000000e+02
9.980335147494581634e+02,6.944070097233854995e+02,4.000000000000000000e+01,2.000000000000000000e+02,3.500000000000000000e+02
1.039276142359246933e+03,7.028272879128370505e+02,8.000000000000000000e+01,2.000000000000000000e+02,3.500000000000000000e+02
1.080805858289531216e+03,7.113061793299998499e+02,1.200000000000000000e+02,2.000000000000000000e+02,3.500000000000000000e+02
1.122625670625779094e+03,7.198442981189754164e+02,1.600000000000000000e+02,2.000000000000000000e+02,3.500000000000000000e+02
1.164738629625345538e+03,7.284422670338647094e+02,2.000000000000000000e+02,2.000000000000000000e+02,3.500000000000000000e+02
1.207147828459109405e+03,7.371007175901838764e+02,2.400000000000000000e+02,2.000000000000000000e+02,3.500000000000000000e+02
1.249856403968815812e+03,7.458202902194885837e+02,2.800000000000000000e+02,2.000000000000000000e+02,3.500000000000000000e+02
1.292867537440512706e+03,7.546016344272800325e+02,3.200000000000000000e+02,2.000000000000000000e+02,3.500000000000000000e+02
1.336184455394485667e+03,7.634454089542821293e+02,3.600000000000000000e+02,2.000000000000000000e+02,3.500000000000000000e+02
1.379810430392099079e+03,7.723522819411714408e+02,4.000000000000000000e+02,2.000000000000000000e+02,3.500000000000000000e+02
1.423748781859969995e+03,7.813229310968415575e+02,4.400000000000000000e+02,2.000000000000000000e+02,3.500000000000000000e+02
1.468002876931909668e+03,7.903580438702990705e+02,4.800000000000000000e+02,2.000000000000000000e+02,3.500000000000000000e+02
1.512576131309079528e+03,7.994583176262776760e+02,5.200000000000000000e+02,2.000000000000000000e+02,3.500000000000000000e+02
1.557472010138828182e+03,8.086244598246631767e+02,5.600000000000000000e+02,2.000000000000000000e+02,3.500000000000000000e+02
1.602694028912676913e+03,8.178571882038324929e+02,6.000000000000000000e+02,2.000000000000000000e+02,3.500000000000000000e+02
1.648245754383950725e+03,8.271572309679991122e+02,6.400000000000000000e+02,2.000000000000000000e+02,3.500000000000000000e+02
1.694130805505549688e+03,8.365253269786752526e+02,6.800000000000000000e+02,2.000000000000000000e+02,3.500000000000000000e+02
1.740352854388384458e+03,8.459622259503480564e+02,7.200000000000000000e+02,2.000000000000000000e+02,3.500000000000000000e+02
1.786915627281008483e+03,8.554686886504861150e+02,7.600000000000000000e+02,2.000000000000000000e+02,3.500000000000000000e+02
1.833822905570989860e+03,8.650454871039848967e+02,8.000000000000000000e+02,2.000000000000000000e+02,3.500000000000000000e+02
1.881078526808596735e+03,8.746934048021666968e+02,8.400000000000000000e+02,2.000000000000000000e+02,3.500000000000000000e+02
1.928686385753372178e+03,8.844132369164528882e+02,8.800000000000000000e+02,2.000000000000000000e+02,3.500000000000000000e+02
1.976650435444199047e+03,8.942057905168343268e+02,9.200000000000000000e+02,2.000000000000000000e+02,3.500000000000000000e+02
2.024974688293475310e+03,9.040718847952629176e+02,9.600000000000000000e+02,2.000000000000000000e+02,3.500000000000000000e+02
9.557236988748363729e+02,6.437077064397722097e+02,0.000000000000000000e+00,2.400000000000000000e+02,3.500000000000000000e+02
9.968607524858496163e+02,6.519603987736641102e+02,4.000000000000000000e+01,2.400000000000000000e+02,3.500000000000000000e+02
1.038284447416340754e+03,6.602705955326953244e+02,8.000000000000000000e+01,2.400000000000000000e+02,3.500000000000000000e+02
1.079997790098273072e+03,6.686388998509228259e+02,1.200000000000000000e+02,2.400000000000000000e+02,3.500000000000000000e+02
1.122003829154990171e+03,6.770659233266080719e+02,1.600000000000000000e+02,2.400000000000000000e+02,3.500000000000000000e+02
1.164305656143946635e+03,6.855522861712215672e+02,2.000000000000000000e+02,2.400000000000000000e+02,3.500000000000000000e+02
1.206906406315188178e+03,6.940986173616042834e+02,2.400000000000000000e+02,2.400000000000000000e+02,3.500000000000000000e+02
1.249809259385963742e+03,7.027055547953657424e+02,2.800000000000000000e+02,2.400000000000000000e+02,3.500000000000000000e+02
1.293017440331879698e+03,7.113737454496016426e+02,3.200000000000000000e+02,2.400000000000000000e+02,3.500000000000000000e+02
1.336534220195002263e+03,7.201038455430100385e+02,3.600000000000000000e+02,2.400000000000000000e+02,3.500000000000000000e+02
1.380362916909339447e+03,7.288965207014964562e+02,4.000000000000000000e+02,2.400000000000000000e+02,3.500000000000000000e+02
1.424506896144134998e+03,7.377524461273503675e+02,4.400000000000000000e+02,2.400000000000000000e+02,3.500000000000000000e+02
1.468969572165429327e+03,7.466723067720859035e+02,4.800000000000000000e+02,2.400000000000000000e+02,3.500000000000000000e+02
1.513754408716344642e+03,7.556567975130412833e+02,5.200000000000000000e+02,2.400000000000000000e+02,3.500000000000000000e+02
1.558864919916578401e+03,7.647066233338300663e+02,5.600000000000000000e+02,2.400000000000000000e+02,3.500000000000000000e+02
1.604304671181588674e+03,7.738224995087419984e+02,6.000000000000000000e+02,2.400000000000000000e+02,3.500000000000000000e+02
1.650077280161980980e+03,7.830051517911985002e+02,6.400000000000000000e+02,2.400000000000000000e+02,3.500000000000000000e+02
1.696186417703612733e+03,7.922553166063645449e+02,6.800000000000000000e+02,2.400000000000000000e+02,3.500000000000000000e+02
1.742635808828954850e+03,8.015737412480223156e+02,7.200000000000000000e+02,2.400000000000000000e+02,3.500000000000000000e+02
1.789429233740259406e+03,8.109611840798219191e+02,7.600000000000000000e+02,2.400000000000000000e+02,3.500000000000000000e+02
1.836570528845095851e+03,8.204184147410201149e+02,8.000000000000000000e+02,2.400000000000000000e+02,3.500000000000000000e+02
1.884063587804850158e+03,8.299462143568221109e+02,8.400000000000000000e+02,2.400000000000000000e+02,3.500000000000000000e+02
1.931912362606779880e+03,8.395453757534538681e+02,8.800000000000000000e+02,2.400000000000000000e+02,3.500000000000000000e+02
1.980120864660250390e+03,8.492167036780811031e+02,9.200000000000000000e+02,2.400000000000000000e+02,3.500000000000000000e+02
2.028693165917787383e+03,8.589610150237107291e+02,9.600000000000000000e+02,2.400000000000000000e+02,3.500000000000000000e+02
9.543602858813405874e+02,6.009914808976884615e+02,0.000000000000000000e+00,2.800000000000000000e+02,3.500000000000000000e+02
9.956774497097184167e+02,6.091322876272336089e+02,4.000000000000000000e+01,2.800000000000000000e+02,3.500000000000000000e+02
1.037283808158405009e+03,6.173300749743477809e+02,8.000000000000000000e+01,2.800000000000000000e+02,3.500000000000000000e+02
1.079182408166253708e+03,6.255854432837314789e+02,1.200000000000000000e+02,2.800000000000000000e+02,3.500000000000000000e+02
1.121376339626149502e+03,6.338990013634067964e+02,1.600000000000000000e+02,2.800000000000000000e+02,3.500000000000000000e+02
1.163868736144611148e+03,6.422713666343839805e+02,2.000000000000000000e+02,2.800000000000000000e+02,3.500000000000000000e+02
1.206662775817574129e+03,6.507031652835155455e+02,2.400000000000000000e+02,2.800000000000000000e+02,3.500000000000000000e+02
1.249761682022751302e+03,6.591950324196171778e+02,2.800000000000000000e+02,2.800000000000000000e+02,3.500000000000000000e+02
1.293168724228988594e+03,6.677476122329362624e+02,3.200000000000000000e+02,2.800000000000000000e+02,3.500000000000000000e+02
1.336887218823043668e+03,6.763615581580531853e+02,3.600000000000000000e+02,2.800000000000000000e+02,3.500000000000000000e+02
1.380920529954223866e+03,6.850375330403044245e+02,4.000000000000000000e+02,2.800000000000000000e+02,3.500000000000000000e+02
1.425272070397338439e+03,6.937762093058086066e+02,4.400000000000000000e+02,2.800000000000000000e+02,3.500000000000000000e+02
1.469945302434427049e+03,7.025782691351976155e+02,4.800000000000000000e+02,2.800000000000000000e+02,3.500000000000000000e+02
1.514943738755745244e+03,7.114444046411391582e+02,5.200000000000000000e+02,2.800000000000000000e+02,3.500000000000000000e+02
1.560270943380496647e+03,7.203753180497501489e+02,5.600000000000000000e+02,2.800000000000000000e+02,3.500000000000000000e+02
1.605930532597822094e+03,7.293717218860019784e+02,6.000000000000000000e+02,2.800000000000000000e+02,3.500000000000000000e+02
1.651926175928565499e+03,7.384343391632187377e+02,6.400000000000000000e+02,2.800000000000000000e+02,3.500000000000000000e+02
1.698261597108353726e+03,7.475639035767771929e+02,6.800000000000000000e+02,2.800000000000000000e+02,3.500000000000000000e+02
1.744940575092542076e+03,7.567611597021109446e+02,7.200000000000000000e+02,2.800000000000000000e+02,3.500000000000000000e+02
1.791966945083600422e+03,7.660268631971397326e+02,7.600000000000000000e+02,2.800000000000000000e+02,3.500000000000000000e+02
1.839344599581518878e+03,7.753617810092330274e+02,8.000000000000000000e+02,2.800000000000000000e+02,3.500000000000000000e+02
1.887077489457843512e+03,7.847666915868298929e+02,8.400000000000000000e+02,2.800000000000000000e+02,3.500000000000000000e+02
1.935169625053962136e+03,7.942423850958352887e+02,8.800000000000000000e+02,2.800000000000000000e+02,3.500000000000000000e+02
1.983625077304279330e+03,8.037896636409222992e+02,9.200000000000000000e+02,2.800000000000000000e+02,3.500000000000000000e+02
2.032447978884948043e+03,8.134093414918698954e+02,9.600000000000000000e+02,2.800000000000000000e+02,3.500000000000000000e+02
9.529846065063708238e+02,5.578909451574950253e+02,0.000000000000000000e+00,3.200000000000000000e+02,3.500000000000000000e+02
9.944834636760988360e+02,5.659175098149755740e+02,4.000000000000000000e+01,3.200000000000000000e+02,3.500000000000000000e+02
1.036274103031157210e+03,5.740005099681825413e+02,8.000000000000000000e+01,3.200000000000000000e+02,3.500000000000000000e+02
1.078359612748226255e+03,5.821405429215117238e+02,1.200000000000000000e+02,3.200000000000000000e+02,3.500000000000000000e+02
1.120743124737978860e+03,5.903382144382351271e+02,1.600000000000000000e+02,3.200000000000000000e+02,3.500000000000000000e+02
1.163427815422017147e+03,5.985941388907742748e+02,2.000000000000000000e+02,3.200000000000000000e+02,3.500000000000000000e+02
1.206416906526433877e+03,6.069089394141878984e+02,2.400000000000000000e+02,3.200000000000000000e+02,3.500000000000000000e+02
1.249713665892409381e+03,6.152832480629546126e+02,2.800000000000000000e+02,3.200000000000000000e+02,3.500000000000000000e+02
1.293321408304277838e+03,6.237177059711341371e+02,3.200000000000000000e+02,3.200000000000000000e+02,3.500000000000000000e+02
1.337243496335498548e+03,6.322129635159927830e+02,3.600000000000000000e+02,3.200000000000000000e+02,3.500000000000000000e+02
1.381483341212988989e+03,6.407696804851798333e+02,4.000000000000000000e+02,3.200000000000000000e+02,3.500000000000000000e+02
1.426044403700284647e+03,6.493885262475453146e+02,4.400000000000000000e+02,3.200000000000000000e+02,3.500000000000000000e+02
1.470930195000008325e+03,6.580701799276910151e+02,4.800000000000000000e+02,3.200000000000000000e+02,3.500000000000000000e+02
1.516144277676137108e+03,6.668153305843541148e+02,5.200000000000000000e+02,3.200000000000000000e+02,3.500000000000000000e+02
1.561690266596584024e+03,6.756246773927173308e+02,5.600000000000000000e+02,3.200000000000000000e+02,3.500000000000000000e+02
1.607571829896611234e+03,6.844989298307483523e+02,6.000000000000000000e+02,3.200000000000000000e+02,3.500000000000000000e+02
1.653792689963619068e+03,6.934388078696745197e+02,6.400000000000000000e+02,3.200000000000000000e+02,3.500000000000000000e+02
1.700356624443860483e+03,7.024450421686997288e+02,6.800000000000000000e+02,3.200000000000000000e+02,3.500000000000000000e+02
1.747267467271659598e+03,7.115183742740695152e+02,7.200000000000000000e+02,3.200000000000000000e+02,3.500000000000000000e+02
1.794529109721718669e+03,7.206595568226057367e+02,7.600000000000000000e+02,3.200000000000000000e+02,3.500000000000000000e+02
1.842145501485118984e+03,7.298693537498247679e+02,8.000000000000000000e+02,3.200000000000000000e+02,3.500000000000000000e+02
1.890120651769644610e+03,7.391485405027552815e+02,8.400000000000000000e+02,3.200000000000000000e+02,3.500000000000000000e+02
1.938458630425071988e+03,7.484979042575897665e+02,8.800000000000000000e+02,3.200000000000000000e+02,3.500000000000000000e+02
1.987163569094085233e+03,7.579182441422897227e+02,9.200000000000000000e+02,3.200000000000000000e+02,3.500000000000000000e+02
2.036239662389504247e+03,7.674103714642819796e+02,9.600000000000000000e+02,3.200000000000000000e+02,3.500000000000000000e+02
9.515964944642641967e+02,5.144008894288247120e+02,0.000000000000000000e+00,3.600000000000000000e+02,3.500000000000000000e+02
9.932786490508383395e+02,5.223108051554802387e+02,4.000000000000000000e+01,3.600000000000000000e+02,3.500000000000000000e+02
1.035255208267710032e+03,5.302765892948484634e+02,8.000000000000000000e+01,3.600000000000000000e+02,3.500000000000000000e+02
1.077529302276884891e+03,5.382988358497563013e+02,1.200000000000000000e+02,3.600000000000000000e+02,3.500000000000000000e+02
1.120104105772105413e+03,5.463781472737052809e+02,1.600000000000000000e+02,3.600000000000000000e+02,3.500000000000000000e+02
1.162982838773599269e+03,5.545151346216872525e+02,2.000000000000000000e+02,3.600000000000000000e+02,3.500000000000000000e+02
1.206168767439909288e+03,5.627104177042439233e+02,2.400000000000000000e+02,3.600000000000000000e+02,3.500000000000000000e+02
1.249665204897235299e+03,5.709646252448496853e+02,2.800000000000000000e+02,3.600000000000000000e+02,3.500000000000000000e+02
1.293475512086729168e+03,5.792783950406992517e+02,3.200000000000000000e+02,3.600000000000000000e+02,3.500000000000000000e+02
1.337603098630198247e+03,5.876523741269904804e+02,3.600000000000000000e+02,3.600000000000000000e+02,3.500000000000000000e+02
1.382051423714686052e+03,5.960872189447902656e+02,4.000000000000000000e+02,3.600000000000000000e+02,3.500000000000000000e+02
1.426823996996411779e+03,6.045835955125704686e+02,4.400000000000000000e+02,3.600000000000000000e+02,3.500000000000000000e+02
1.471924379524564984e+03,6.131421796015158634e+02,4.800000000000000000e+02,3.600000000000000000e+02,3.500000000000000000e+02
1.517356184685464996e+03,6.217636569146945931e+02,5.200000000000000000e+02,3.600000000000000000e+02,3.500000000000000000e+02
1.563123079167613241e+03,6.304487232701927724e+02,5.600000000000000000e+02,3.600000000000000000e+02,3.500000000000000000e+02
1.609228783948177352e+03,6.391980847883180559e+02,6.000000000000000000e+02,3.600000000000000000e+02,3.500000000000000000e+02
1.655677075301464811e+03,6.480124580829744900e+02,6.400000000000000000e+02,3.600000000000000000e+02,3.500000000000000000e+02
1.702471785829962300e+03,6.568925704573209714e+02,6.800000000000000000e+02,3.600000000000000000e+02,3.500000000000000000e+02
1.749616805518528963e+03,6.658391601038216550e+02,7.200000000000000000e+02,3.600000000000000000e+02,3.500000000000000000e+02
1.797116082812355444e+03,6.748529763088081381e+02,7.600000000000000000e+02,3.600000000000000000e+02,3.500000000000000000e+02
1.844973625719311485e+03,6.839347796616689266e+02,8.000000000000000000e+02,3.600000000000000000e+02,3.500000000000000000e+02
1.893193502937335779e+03,6.930853422687926013e+02,8.400000000000000000e+02,3.600000000000000000e+02,3.500000000000000000e+02
1.941779845007527001e+03,7.023054479723846271e+02,8.800000000000000000e+02,3.600000000000000000e+02,3.500000000000000000e+02
1.990736845493624969e+03,7.115958925742957035e+02,9.200000000000000000e+02,3.600000000000000000e+02,3.500000000000000000e+02
2.040068762188592473e+03,7.209574840649927410e+02,9.600000000000000000e+02,3.600000000000000000e+02,3.500000000000000000e+02
9.501957804501093960e+02,4.705160093271704227e+02,0.000000000000000000e+00,4.000000000000000000e+02,3.500000000000000000e+02
9.920628578516227662e+02,4.783068176206082853e+02,4.000000000000000000e+01,4.000000000000000000e+02,3.500000000000000000e+02
1.034226997837995214e+03,4.861529046149590840e+02,8.000000000000000000e+01,4.000000000000000000e+02,3.500000000000000000e+02
1.076691373321068568e+03,4.940548607394920282e+02,1.200000000000000000e+02,4.000000000000000000e+02,3.500000000000000000e+02
1.119459202560439280e+03,5.020132848619836068e+02,1.600000000000000000e+02,4.000000000000000000e+02,3.500000000000000000e+02
1.162533749976507579e+03,5.100287844400133963e+02,2.000000000000000000e+02,4.000000000000000000e+02,3.500000000000000000e+02
1.205918326981086921e+03,5.181019756755293884e+02,2.400000000000000000e+02,4.000000000000000000e+02,3.500000000000000000e+02
1.249616292826010294e+03,5.262334836727579841e+02,2.800000000000000000e+02,4.000000000000000000e+02,3.500000000000000000e+02
1.293631055470193360e+03,5.344239425995517649e+02,3.200000000000000000e+02,4.000000000000000000e+02,3.500000000000000000e+02
1.337966072465625984e+03,5.426739958522596226e+02,3.600000000000000000e+02,4.000000000000000000e+02,3.500000000000000000e+02
1.382624851862770356e+03,5.509842962242050817e+02,4.000000000000000000e+02,4.000000000000000000e+02,3.500000000000000000e+02
1.427610953135870432e+03,5.593555060778749066e+02,4.400000000000000000e+02,4.000000000000000000e+02,3.500000000000000000e+02
1.472927988128681591e+03,5.677882975209013239e+02,4.800000000000000000e+02,4.000000000000000000e+02,3.500000000000000000e+02
1.518579622021145497e+03,5.762833525859468864e+02,5.200000000000000000e+02,4.000000000000000000e+02,3.500000000000000000e+02
1.564569574317562456e+03,5.848413634145886135e+02,5.600000000000000000e+02,4.000000000000000000e+02,3.500000000000000000e+02
1.610901619856808793e+03,5.934630324453019057e+02,6.000000000000000000e+02,4.000000000000000000e+02,3.500000000000000000e+02
1.657579589845187002e+03,6.021490726056580343e+02,6.400000000000000000e+02,4.000000000000000000e+02,3.500000000000000000e+02
1.704607372912493702e+03,6.109002075088438914e+02,6.800000000000000000e+02,4.000000000000000000e+02,3.500000000000000000e+02
1.751988916191920680e+03,6.197171716546120024e+02,7.200000000000000000e+02,4.000000000000000000e+02,3.500000000000000000e+02
1.799728226424420427e+03,6.286007106347871058e+02,7.600000000000000000e+02,4.000000000000000000e+02,3.500000000000000000e+02
1.847829371088178505e+03,6.375515813434435586e+02,8.000000000000000000e+02,4.000000000000000000e+02,3.500000000000000000e+02
1.896296479553869858e+03,6.465705521918794147e+02,8.400000000000000000e+02,4.000000000000000000e+02,3.500000000000000000e+02
1.945133744266381655e+03,6.556584033285173518e+02,8.800000000000000000e+02,4.000000000000000000e+02,3.500000000000000000e+02
1.994345421953717050e+03,6.648159268638623871e+02,9.200000000000000000e+02,4.000000000000000000e+02,3.500000000000000000e+02
2.043935834863808168e+03,6.740439271006541730e+02,9.600000000000000000e+02,4.000000000000000000e+02,3.500000000000000000e+02
9.487822920709097616e+02,4.262309037171634145e+02,0.000000000000000000e+00,4.400000000000000000e+02,3.500000000000000000e+02
9.908359393873868157e+02,4.339000931424507144e+02,4.000000000000000000e+01,4.400000000000000000e+02,3.500000000000000000e+02
1.033189343396797767e+03,4.416239482390009243e+02,8.000000000000000000e+01,4.400000000000000000e+02,3.500000000000000000e+02
1.075845720542811705e+03,4.494030555793789290e+02,1.200000000000000000e+02,4.400000000000000000e+02,3.500000000000000000e+02
1.118808333451646604e+03,4.572380101583139549e+02,1.600000000000000000e+02,4.400000000000000000e+02,3.500000000000000000e+02
1.162080491763928876e+03,4.651294155444026046e+02,2.000000000000000000e+02,4.400000000000000000e+02,3.500000000000000000e+02
1.205665552984603892e+03,4.730778840351041481e+02,2.400000000000000000e+02,4.400000000000000000e+02,3.500000000000000000e+02
1.249566923351347668e+03,4.810840368151115172e+02,2.800000000000000000e+02,4.400000000000000000e+02,3.500000000000000000e+02
1.293788058721954712e+03,4.891485041181788347e+02,3.200000000000000000e+02,4.400000000000000000e+02,3.500000000000000000e+02
1.338332465481187455e+03,4.972719253925031353e+02,3.600000000000000000e+02,4.400000000000000000e+02,3.500000000000000000e+02
1.383203701467587280e+03,5.054549494697427008e+02,4.000000000000000000e+02,4.400000000000000000e+02,3.500000000000000000e+02
1.428405376920759863e+03,5.136982347377704627e+02,4.400000000000000000e+02,4.400000000000000000e+02,3.500000000000000000e+02
1.473941155449668031e+03,5.220024493172579696e+02,4.800000000000000000e+02,4.400000000000000000e+02,3.500000000000000000e+02
1.519814755022471218e+03,5.303682712421916676e+02,5.200000000000000000e+02,4.400000000000000000e+02,3.500000000000000000e+02
1.566029948978482480e+03,5.387963886444169930e+02,5.600000000000000000e+02,4.400000000000000000e+02,3.500000000000000000e+02
1.612590567062812397e+03,5.472874999423252120e+02,6.000000000000000000e+02,4.400000000000000000e+02,3.500000000000000000e+02
1.659500496484301038e+03,5.558423140337843051e+02,6.400000000000000000e+02,4.400000000000000000e+02,3.500000000000000000e+02
1.706763682997350770e+03,5.644615504934301953e+02,6.800000000000000000e+02,4.400000000000000000e+02,3.500000000000000000e+02
1.754384132008290635e+03,5.731459397744295075e+02,7.200000000000000000e+02,4.400000000000000000e+02,3.500000000000000000e+02
1.802365909706925777e+03,5.818962234148377775e+02,7.600000000000000000e+02,4.400000000000000000e+02,3.500000000000000000e+02
1.850713144223942436e+03,5.907131542486706621e+02,8.000000000000000000e+02,4.400000000000000000e+02,3.500000000000000000e+02
1.899430026814859957e+03,5.995974966218193458e+02,8.400000000000000000e+02,4.400000000000000000e+02,3.500000000000000000e+02
1.948520813071243765e+03,6.085500266129336069e+02,8.800000000000000000e+02,4.400000000000000000e+02,3.500000000000000000e+02
1.997989824159913724e+03,6.175715322594128338e+02,9.200000000000000000e+02,4.400000000000000000e+02,3.500000000000000000e+02
2.047841448090906852e+03,6.266628137886413015e+02,9.600000000000000000e+02,4.400000000000000000e+02,3.500000000000000000e+02
9.473558537748518802e+02,3.815400724965732024e+02,0.000000000000000000e+00,4.800000000000000000e+02,3.500000000000000000e+02
9.895977401960506086e+02,3.890850773597976513e+02,4.000000000000000000e+01,4.800000000000000000e+02,3.500000000000000000e+02
1.032142114230349080e+03,3.966841108355023380e+02,8.000000000000000000e+01,4.800000000000000000e+02,3.500000000000000000e+02
1.074992236653197779e+03,4.043377553448038952e+02,1.200000000000000000e+02,4.800000000000000000e+02,3.500000000000000000e+02
1.118151415276686066e+03,4.120466017102344267e+02,1.600000000000000000e+02,4.800000000000000000e+02,3.500000000000000000e+02
1.161623005800740202e+03,4.198112493077782119e+02,2.000000000000000000e+02,4.800000000000000000e+02,3.500000000000000000e+02
1.205410412682874039e+03,4.276323062222222688e+02,2.400000000000000000e+02,4.800000000000000000e+02,3.500000000000000000e+02
1.249517090026962933e+03,4.355103894059035383e+02,2.800000000000000000e+02,4.800000000000000000e+02,3.500000000000000000e+02
1.293946542491530863e+03,4.434461248409414793e+02,3.200000000000000000e+02,4.800000000000000000e+02,3.500000000000000000e+02
1.338702326218052576e+03,4.514401477050473659e+02,3.600000000000000000e+02,4.800000000000000000e+02,3.500000000000000000e+02
1.383788049779783478e+03,4.594931025409970289e+02,4.000000000000000000e+02,4.800000000000000000e+02,3.500000000000000000e+02
1.429207375151653423e+03,4.676056434298707245e+02,4.400000000000000000e+02,4.800000000000000000e+02,3.500000000000000000e+02
1.474964018701770783e+03,4.757784341681461910e+02,4.800000000000000000e+02,4.800000000000000000e+02,3.500000000000000000e+02
1.521061752205096354e+03,4.840121484487577845e+02,5.200000000000000000e+02,4.800000000000000000e+02,3.500000000000000000e+02
1.567504403879875099e+03,4.923074700462180999e+02,5.600000000000000000e+02,4.800000000000000000e+02,3.500000000000000000e+02
1.614295859447417570e+03,5.006650930059087159e+02,6.000000000000000000e+02,4.800000000000000000e+02,3.500000000000000000e+02
1.661440063215850387e+03,5.090857218376539777e+02,6.400000000000000000e+02,4.800000000000000000e+02,3.500000000000000000e+02
1.708941019188469909e+03,5.175700717136896856e+02,6.800000000000000000e+02,4.800000000000000000e+02,3.500000000000000000e+02
1.756802792197352119e+03,5.261188686711412856e+02,7.200000000000000000e+02,4.800000000000000000e+02,3.500000000000000000e+02
1.805029509062895386e+03,5.347328498191338895e+02,7.600000000000000000e+02,4.800000000000000000e+02,3.500000000000000000e+02
1.853625359779987321e+03,5.434127635506613387e+02,8.000000000000000000e+02,4.800000000000000000e+02,3.500000000000000000e+02
1.902594598731514225e+03,5.521593697593332308e+02,8.400000000000000000e+02,4.800000000000000000e+02,3.500000000000000000e+02
1.951941545929951872e+03,5.609734400611422416e+02,8.800000000000000000e+02,4.800000000000000000e+02,3.500000000000000000e+02
2.001670588287793635e+03,5.698557580213814617e+02,9.200000000000000000e+02,4.800000000000000000e+02,3.500000000000000000e+02
2.051786180917610181e+03,5.788071193868522641e+02,9.600000000000000000e+02,4.800000000000000000e+02,3.500000000000000000e+02
9.459162867786235438e+02,3.364379143191230241e+02,0.000000000000000000e+00,5.200000000000000000e+02,3.500000000000000000e+02
9.883481039805292312e+02,3.438561133021588603e+02,4.000000000000000000e+01,5.200000000000000000e+02,3.500000000000000000e+02
1.031085177201434817e+03,3.513276790754721333e+02,8.000000000000000000e+01,5.200000000000000000e+02,3.500000000000000000e+02
1.074130812366982354e+03,3.588531896019183023e+02,1.200000000000000000e+02,5.200000000000000000e+02,3.500000000000000000e+02
1.117488363313381569e+03,3.664332312203824813e+02,1.600000000000000000e+02,5.200000000000000000e+02,3.500000000000000000e+02
1.161161232658482959e+03,3.740683987980635266e+02,2.000000000000000000e+02,5.200000000000000000e+02,3.500000000000000000e+02
1.205152872691929360e+03,3.817592958860986982e+02,2.400000000000000000e+02,5.200000000000000000e+02,3.500000000000000000e+02
1.249466786284867794e+03,3.895065348786041568e+02,2.800000000000000000e+02,5.200000000000000000e+02,3.500000000000000000e+02
1.294106527819729536e+03,3.973107371752247445e+02,3.200000000000000000e+02,5.200000000000000000e+02,3.500000000000000000e+02
1.339075704140594780e+03,4.051725333472824104e+02,3.600000000000000000e+02,5.200000000000000000e+02,3.500000000000000000e+02
1.384377975524674639e+03,4.130925633076182066e+02,4.000000000000000000e+02,5.200000000000000000e+02,3.500000000000000000e+02
1.430017056675462982e+03,4.210714764842205113e+02,4.400000000000000000e+02,5.200000000000000000e+02,3.500000000000000000e+02
1.475996717738122243e+03,4.291099319977407731e+02,4.800000000000000000e+02,5.200000000000000000e+02,3.500000000000000000e+02
1.522320785337684129e+03,4.372085988429993222e+02,5.200000000000000000e+02,5.200000000000000000e+02,3.500000000000000000e+02
1.568993143640669814e+03,4.453681560745840216e+02,5.600000000000000000e+02,5.200000000000000000e+02,3.500000000000000000e+02
1.616017735440745582e+03,4.535892929966512384e+02,6.000000000000000000e+02,5.200000000000000000e+02,3.500000000000000000e+02
1.663398563269051465e+03,4.618727093570407760e+02,6.400000000000000000e+02,5.200000000000000000e+02,3.500000000000000000e+02
1.711139690529859763e+03,4.702191155458192497e+02,6.800000000000000000e+02,5.200000000000000000e+02,3.500000000000000000e+02
1.759245242662238979e+03,4.786292327983693440e+02,7.200000000000000000e+02,5.200000000000000000e+02,3.500000000000000000e+02
1.807719408328426653e+03,4.871037934031475061e+02,7.600000000000000000e+02,5.200000000000000000e+02,3.500000000000000000e+02
1.856566440629617773e+03,4.956435409142375192e+02,8.000000000000000000e+02,5.200000000000000000e+02,3.500000000000000000e+02
1.905790658349924342e+03,5.042492303688270567e+02,8.400000000000000000e+02,5.200000000000000000e+02,3.500000000000000000e+02
1.955396447229258001e+03,5.129216285097397758e+02,8.800000000000000000e+02,5.200000000000000000e+02,3.500000000000000000e+02
2.005388261265933579e+03,5.216615140131660837e+02,9.200000000000000000e+02,5.200000000000000000e+02,3.500000000000000000e+02
2.055770624049797334e+03,5.304696777217288854e+02,9.600000000000000000e+02,5.200000000000000000e+02,3.500000000000000000e+02
9.444634089927138803e+02,2.909187242541349860e+02,0.000000000000000000e+00,5.600000000000000000e+02,3.500000000000000000e+02
9.870868715429662643e+02,2.982074390093125658e+02,4.000000000000000000e+01,5.600000000000000000e+02,3.500000000000000000e+02
1.030018396692970327e+03,3.055488332110197689e+02,8.000000000000000000e+01,5.600000000000000000e+02,3.500000000000000000e+02
1.073261336355945787e+03,3.129434800444906841e+02,1.200000000000000000e+02,5.600000000000000000e+02,3.500000000000000000e+02
1.116819091249997200e+03,3.203919610407111804e+02,1.600000000000000000e+02,5.600000000000000000e+02,3.500000000000000000e+02
1.160695111789625798e+03,3.278948662288721607e+02,2.000000000000000000e+02,5.600000000000000000e+02,3.500000000000000000e+02
1.204892898996856729e+03,3.354527942921713475e+02,2.400000000000000000e+02,5.600000000000000000e+02,3.500000000000000000e+02
1.249416005432484781e+03,3.430663527270617124e+02,2.800000000000000000e+02,5.600000000000000000e+02,3.500000000000000000e+02
1.294268036147958810e+03,3.507361580060235156e+02,3.200000000000000000e+02,5.600000000000000000e+02,3.500000000000000000e+02
1.339452649658443079e+03,3.584628357439613637e+02,3.600000000000000000e+02,5.600000000000000000e+02,3.500000000000000000e+02
1.384973558937603002e+03,3.662470208683147348e+02,4.000000000000000000e+02,5.600000000000000000e+02,3.500000000000000000e+02
1.430834532434686253e+03,3.740893577929817866e+02,4.400000000000000000e+02,5.600000000000000000e+02,3.500000000000000000e+02
1.477039395114485615e+03,3.819905005961538791e+02,4.800000000000000000e+02,5.600000000000000000e+02,3.500000000000000000e+02
1.523592029520780670e+03,3.899511132021689264e+02,5.200000000000000000e+02,5.600000000000000000e+02,3.500000000000000000e+02
1.570496376863885871e+03,3.979718695674830542e+02,5.600000000000000000e+02,5.600000000000000000e+02,3.500000000000000000e+02
1.617756438132941639e+03,4.060534538708758419e+02,6.000000000000000000e+02,5.600000000000000000e+02,3.500000000000000000e+02
1.665376275233606293e+03,4.141965607079973779e+02,6.400000000000000000e+02,5.600000000000000000e+02,3.500000000000000000e+02
1.713360012151831143e+03,4.224018952903788886e+02,6.800000000000000000e+02,5.600000000000000000e+02,3.500000000000000000e+02
1.761711836144418612e+03,4.306701736490182384e+02,7.200000000000000000e+02,5.600000000000000000e+02,3.500000000000000000e+02
1.810435998957083484e+03,4.390021228426726339e+02,7.600000000000000000e+02,5.600000000000000000e+02,3.500000000000000000e+02
1.859536818070760773e+03,4.473984811709814267e+02,8.000000000000000000e+02,5.600000000000000000e+02,3.500000000000000000e+02
1.909018677976932167e+03,4.558599983925477090e+02,8.400000000000000000e+02,5.600000000000000000e+02,3.500000000000000000e+02
1.958886031482757517e+03,4.643874359481203555e+02,8.800000000000000000e+02,5.600000000000000000e+02,3.500000000000000000e+02
2.009143401046829013e+03,4.729815671890110025e+02,9.200000000000000000e+02,5.600000000000000000e+02,3.500000000000000000e+02
2.059795380146389107e+03,4.816431776108917120e+02,9.600000000000000000e+02,5.600000000000000000e+02,3.500000000000000000e+02
9.429970349446325599e+02,2.449766913809556854e+02,0.000000000000000000e+00,6.000000000000000000e+02,3.500000000000000000e+02
9.858138807171212648e+02,2.521331850842730091e+02,4.000000000000000000e+01,6.000000000000000000e+02,3.500000000000000000e+02
1.028941634549991477e+03,2.593416445860106023e+02,8.000000000000000000e+01,6.000000000000000000e+02,3.500000000000000000e+02
1.072383695200927832e+03,2.666026379613633708e+02,1.200000000000000000e+02,6.000000000000000000e+02,3.500000000000000000e+02
1.116143511147781965e+03,2.739167415958537504e+02,1.600000000000000000e+02,6.000000000000000000e+02,3.500000000000000000e+02
1.160224581501099919e+03,2.812845403378546507e+02,2.000000000000000000e+02,6.000000000000000000e+02,3.500000000000000000e+02
1.204630456936822839e+03,2.887066276544832135e+02,2.400000000000000000e+02,6.000000000000000000e+02,3.500000000000000000e+02
1.249364740649678652e+03,2.961836057909519013e+02,2.800000000000000000e+02,6.000000000000000000e+02,3.500000000000000000e+02
1.294431089327807513e+03,3.037160859334697989e+02,3.200000000000000000e+02,6.000000000000000000e+02,3.500000000000000000e+02
1.339833214149171226e+03,3.113046883757839396e+02,3.600000000000000000e+02,6.000000000000000000e+02,3.500000000000000000e+02
1.385574881800316462e+03,3.189500426894586553e+02,4.000000000000000000e+02,6.000000000000000000e+02,3.500000000000000000e+02
1.431659915518082471e+03,3.266527878979873094e+02,4.400000000000000000e+02,6.000000000000000000e+02,3.500000000000000000e+02
1.478092196154856538e+03,3.344135726548416869e+02,4.800000000000000000e+02,6.000000000000000000e+02,3.500000000000000000e+02
1.524875663267997425e+03,3.422330554255611332e+02,5.200000000000000000e+02,6.000000000000000000e+02,3.500000000000000000e+02
1.572014316234074613e+03,3.501119046739880787e+02,5.600000000000000000e+02,6.000000000000000000e+02,3.500000000000000000e+02
1.619512215388582035e+03,3.580507990527614766e+02,6.000000000000000000e+02,6.000000000000000000e+02,3.500000000000000000e+02
1.667373483191808646e+03,3.660504275981840010e+02,6.400000000000000000e+02,6.000000000000000000e+02,3.500000000000000000e+02
1.715602305421569326e+03,3.741114899295771465e+02,6.800000000000000000e+02,6.000000000000000000e+02,3.500000000000000000e+02
1.764202932393519859e+03,3.822346964532464426e+02,7.200000000000000000e+02,6.000000000000000000e+02,3.500000000000000000e+02
1.813179680209805611e+03,3.904207685711838849e+02,7.600000000000000000e+02,6.000000000000000000e+02,3.500000000000000000e+02
1.862536932036812232e+03,3.986704388946330937e+02,8.000000000000000000e+02,6.000000000000000000e+02,3.500000000000000000e+02
1.912279139412810991e+03,4.069844514626526006e+02,8.400000000000000000e+02,6.000000000000000000e+02,3.500000000000000000e+02
1.962410823586325023e+03,4.153635619658124369e+02,8.800000000000000000e+02,6.000000000000000000e+02,3.500000000000000000e+02
2.012936576886052080e+03,4.238085379751653363e+02,9.200000000000000000e+02,6.000000000000000000e+02,3.500000000000000000e+02
2.063861064123224423e+03,4.323201591766420506e+02,9.600000000000000000e+02,6.000000000000000000e+02,3.500000000000000000e+02
9.415169756999797528e+02,1.986058963160326130e+02,0.000000000000000000e+00,6.400000000000000000e+02,3.500000000000000000e+02
9.845289662988627697e+02,2.056273721774987280e+02,4.000000000000000000e+01,6.400000000000000000e+02,3.500000000000000000e+02
1.027854750020009988e+03,2.127000730765136041e+02,8.000000000000000000e+01,6.400000000000000000e+02,3.500000000000000000e+02
1.071497773342508026e+03,2.198245616322300293e+02,1.200000000000000000e+02,6.400000000000000000e+02,3.500000000000000000e+02
1.115461533402451096e+03,2.270014087332845065e+02,1.600000000000000000e+02,6.400000000000000000e+02,3.500000000000000000e+02
1.159749578927079028e+03,2.342311936902904108e+02,2.000000000000000000e+02,6.400000000000000000e+02,3.500000000000000000e+02
1.204365511189667586e+03,2.415145043917185603e+02,2.400000000000000000e+02,6.400000000000000000e+02,3.500000000000000000e+02
1.249312984985703224e+03,2.488519374632525114e+02,2.800000000000000000e+02,6.400000000000000000e+02,3.500000000000000000e+02
1.294595709630901183e+03,2.562440984307091867e+02,3.200000000000000000e+02,6.400000000000000000e+02,3.500000000000000000e+02
1.340217449981640812e+03,2.636916018866201057e+02,3.600000000000000000e+02,6.400000000000000000e+02,3.500000000000000000e+02
1.386182027478403825e+03,2.711950716605670095e+02,4.000000000000000000e+02,6.400000000000000000e+02,3.500000000000000000e+02
1.432493321212825322e+03,2.787551409933720379e+02,4.400000000000000000e+02,6.400000000000000000e+02,3.500000000000000000e+02
1.479155269018984882e+03,2.863724527152444352e+02,4.800000000000000000e+02,6.400000000000000000e+02,3.500000000000000000e+02
1.526171868589577116e+03,2.940476594279907658e+02,5.200000000000000000e+02,6.400000000000000000e+02,3.500000000000000000e+02
1.573547178617632198e+03,3.017814236913937975e+02,5.600000000000000000e+02,6.400000000000000000e+02,3.500000000000000000e+02
1.621285319964467817e+03,3.095744182138740825e+02,6.000000000000000000e+02,6.400000000000000000e+02,3.500000000000000000e+02
1.669390476854579674e+03,3.174273260475496272e+02,6.400000000000000000e+02,6.400000000000000000e+02,3.500000000000000000e+02
1.717866898098194724e+03,3.253408407878125672e+02,6.800000000000000000e+02,6.400000000000000000e+02,3.500000000000000000e+02
1.766718898342244756e+03,3.333156667775411961e+02,7.200000000000000000e+02,6.400000000000000000e+02,3.500000000000000000e+02
1.815950859350526571e+03,3.413525193160812705e+02,7.600000000000000000e+02,6.400000000000000000e+02,3.500000000000000000e+02
1.865567231313849106e+03,3.494521248731194873e+02,8.000000000000000000e+02,6.400000000000000000e+02,3.500000000000000000e+02
1.915572534190991064e+03,3.576152213075883992e+02,8.400000000000000000e+02,6.400000000000000000e+02,3.500000000000000000e+02
1.965971359081317814e+03,3.658425580917380557e+02,8.800000000000000000e+02,6.400000000000000000e+02,3.500000000000000000e+02
2.016768369629930248e+03,3.741348965405189801e+02,9.200000000000000000e+02,6.400000000000000000e+02,3.500000000000000000e+02
2.067968303466253019e+03,3.824930100464245015e+02,9.600000000000000000e+02,6.400000000000000000e+02,3.500000000000000000e+02
9.400230387812940762e+02,1.518003086704236466e+02,0.000000000000000000e+00,6.800000000000000000e+02,3.500000000000000000e+02
9.832319599746958829e+02,1.586839084000752109e+02,4.000000000000000000e+01,6.800000000000000000e+02,3.500000000000000000e+02
1.026757599691677569e+03,1.656179644587222128e+02,8.000000000000000000e+01,6.800000000000000000e+02,3.500000000000000000e+02
1.070603453030281798e+03,1.726030336493421373e+02,1.200000000000000000e+02,6.800000000000000000e+02,3.500000000000000000e+02
1.114773066704567782e+03,1.796396809978429019e+02,1.600000000000000000e+02,6.800000000000000000e+02,3.500000000000000000e+02
1.159270040000978952e+03,1.867284799054225459e+02,2.000000000000000000e+02,6.800000000000000000e+02,3.500000000000000000e+02
1.204098025756057723e+03,1.938700123043286112e+02,2.400000000000000000e+02,6.800000000000000000e+02,3.500000000000000000e+02
1.249260731356059296e+03,2.010648688171077083e+02,2.800000000000000000e+02,6.800000000000000000e+02,3.500000000000000000e+02
1.294761919759042485e+03,2.083136489194313299e+02,3.200000000000000000e+02,6.800000000000000000e+02,3.500000000000000000e+02
1.340605410540026469e+03,2.156169611066015932e+02,3.600000000000000000e+02,6.800000000000000000e+02,3.500000000000000000e+02
1.386795080959824645e+03,2.229754230638272929e+02,4.000000000000000000e+02,6.800000000000000000e+02,3.500000000000000000e+02
1.433334867058184955e+03,2.303896618403703087e+02,4.400000000000000000e+02,6.800000000000000000e+02,3.500000000000000000e+02
1.480228764771882197e+03,2.378603140276691192e+02,4.800000000000000000e+02,6.800000000000000000e+02,3.500000000000000000e+02
1.527480831078428082e+03,2.453880259415428782e+02,5.200000000000000000e+02,6.800000000000000000e+02,3.500000000000000000e+02
1.575095185166089777e+03,2.529734538085873510e+02,5.600000000000000000e+02,6.800000000000000000e+02,3.500000000000000000e+02
1.623076009630925455e+03,2.606172639568729892e+02,6.000000000000000000e+02,6.800000000000000000e+02,3.500000000000000000e+02
1.671427551701561697e+03,2.683201330110643994e+02,6.400000000000000000e+02,6.800000000000000000e+02,3.500000000000000000e+02
1.720154124492476285e+03,2.760827480920814878e+02,6.800000000000000000e+02,6.800000000000000000e+02,3.500000000000000000e+02
1.769260108286550349e+03,2.839058070214207419e+02,7.200000000000000000e+02,6.800000000000000000e+02,3.500000000000000000e+02
1.818749951847704324e+03,2.917900185302715954e+02,7.600000000000000000e+02,6.800000000000000000e+02,3.500000000000000000e+02
1.868628173764431722e+03,2.997361024735546380e+02,8.000000000000000000e+02,6.800000000000000000e+02,3.500000000000000000e+02
1.918899363825090859e+03,3.077447900490188886e+02,8.400000000000000000e+02,6.800000000000000000e+02,3.500000000000000000e+02
1.969568184425831305e+03,3.158168240215372862e+02,8.800000000000000000e+02,6.800000000000000000e+02,3.500000000000000000e+02
2.020639372012059994e+03,3.239529589527473945e+02,9.200000000000000000e+02,6.800000000000000000e+02,3.500000000000000000e+02
2.072117738554386960e+03,3.321539614361830672e+02,9.600000000000000000e+02,6.800000000000000000e+02,3.500000000000000000e+02
